{
  "version": "1.0",
  "file_hash": "4031caf9b33fd31b",
  "computed_at": "2026-01-06T11:16:44.694852",
  "threshold": 30.0,
  "scenes": [
    {
      "start": 0.0,
      "end": 30.0
    },
    {
      "start": 30.0,
      "end": 30.033333333333335
    }
  ],
  "total_scenes": 2
}